{"@id":1,"j1":{"type":"Human","@id":2,"name":"Isabelle","color":"BLEU","nbAction":3},"j2":{"type":"Human","@id":3,"name":"Morgane","color":"ROUGE","nbAction":3},"board":{"@id":4,"boardTiles":[[null,null,null,null,null,null,null],[null,null,null,null,null,null,null],[null,null,null,null,null,null,null],[null,null,null,null,null,null,null],[null,null,null,null,null,null,null],[null,null,null,null,null,null,null],[null,null,null,null,null,null,null]],"list":[{"id":0,"hasBall":false,"color":"BLEU","player":2,"tx":0,"ty":0},{"id":1,"hasBall":false,"color":"BLEU","player":2,"tx":0,"ty":0},{"id":2,"hasBall":false,"color":"BLEU","player":2,"tx":0,"ty":0},{"id":3,"hasBall":true,"color":"BLEU","player":2,"tx":0,"ty":0},{"id":4,"hasBall":false,"color":"BLEU","player":2,"tx":0,"ty":0},{"id":5,"hasBall":false,"color":"BLEU","player":2,"tx":0,"ty":0},{"id":6,"hasBall":false,"color":"BLEU","player":2,"tx":0,"ty":0},{"id":7,"hasBall":false,"color":"ROUGE","player":3,"tx":0,"ty":0},{"id":8,"hasBall":false,"color":"ROUGE","player":3,"tx":0,"ty":0},{"id":9,"hasBall":false,"color":"ROUGE","player":3,"tx":0,"ty":0},{"id":10,"hasBall":true,"color":"ROUGE","player":3,"tx":0,"ty":0},{"id":11,"hasBall":false,"color":"ROUGE","player":3,"tx":0,"ty":0},{"id":12,"hasBall":false,"color":"ROUGE","player":3,"tx":0,"ty":0},{"id":13,"hasBall":false,"color":"ROUGE","player":3,"tx":0,"ty":0}]},"undoCommand":[],"redoCommand":[],"player1":2,"player2":3,"turn":{"@id":5,"nbTurn":0},"listSavedGame":[]}