{"@id":1,"j1":{"type":"Human","@id":2,"name":"Isa","color":"VANILLE","nbAction":3},"j2":{"type":"AI","@id":3,"name":"AI","color":"CARAMEL","strategy":{"type":"StrategyNoob","@id":4},"nbAction":3},"board":{"@id":5,"scenario":1,"boardTiles":[[{"id":0,"hasBall":false,"color":"VANILLE","player":2,"tx":0,"ty":0},null,{"id":2,"hasBall":false,"color":"VANILLE","player":2,"tx":0,"ty":2},null,null,{"id":5,"hasBall":false,"color":"VANILLE","player":2,"tx":0,"ty":5},{"id":6,"hasBall":false,"color":"VANILLE","player":2,"tx":0,"ty":6}],[null,null,null,null,{"id":4,"hasBall":true,"color":"VANILLE","player":2,"tx":1,"ty":4},null,null],[null,{"id":1,"hasBall":false,"color":"VANILLE","player":2,"tx":2,"ty":1},{"id":3,"hasBall":false,"color":"VANILLE","player":2,"tx":2,"ty":2},null,null,null,null],[null,null,null,null,null,null,null],[null,null,null,null,null,null,null],[{"id":7,"hasBall":false,"color":"CARAMEL","player":3,"tx":5,"ty":0},{"id":8,"hasBall":false,"color":"CARAMEL","player":3,"tx":5,"ty":1},null,null,{"id":11,"hasBall":false,"color":"CARAMEL","player":3,"tx":5,"ty":4},null,null],[null,null,{"id":9,"hasBall":false,"color":"CARAMEL","player":3,"tx":6,"ty":2},{"id":10,"hasBall":false,"color":"CARAMEL","player":3,"tx":6,"ty":3},null,{"id":12,"hasBall":true,"color":"CARAMEL","player":3,"tx":6,"ty":5},{"id":13,"hasBall":false,"color":"CARAMEL","player":3,"tx":6,"ty":6}]],"list":[{"id":0,"hasBall":false,"color":"VANILLE","player":2,"tx":0,"ty":0},{"id":1,"hasBall":false,"color":"VANILLE","player":2,"tx":2,"ty":1},{"id":2,"hasBall":false,"color":"VANILLE","player":2,"tx":0,"ty":2},{"id":3,"hasBall":false,"color":"VANILLE","player":2,"tx":2,"ty":2},{"id":4,"hasBall":true,"color":"VANILLE","player":2,"tx":1,"ty":4},{"id":5,"hasBall":false,"color":"VANILLE","player":2,"tx":0,"ty":5},{"id":6,"hasBall":false,"color":"VANILLE","player":2,"tx":0,"ty":6},{"id":7,"hasBall":false,"color":"CARAMEL","player":3,"tx":5,"ty":0},{"id":8,"hasBall":false,"color":"CARAMEL","player":3,"tx":5,"ty":1},{"id":9,"hasBall":false,"color":"CARAMEL","player":3,"tx":6,"ty":2},{"id":10,"hasBall":false,"color":"CARAMEL","player":3,"tx":6,"ty":3},{"id":11,"hasBall":false,"color":"CARAMEL","player":3,"tx":5,"ty":4},{"id":12,"hasBall":true,"color":"CARAMEL","player":3,"tx":6,"ty":5},{"id":13,"hasBall":false,"color":"CARAMEL","player":3,"tx":6,"ty":6}]},"undoCommand":[{"@class":"diaballik.model.MoveBall","@id":6,"tx":6,"ty":6,"tx2":6,"ty2":5,"game":1,"piece":{"id":13,"hasBall":false,"color":"CARAMEL","player":3,"tx":6,"ty":6}},{"@class":"diaballik.model.MoveBall","@id":7,"tx":6,"ty":5,"tx2":6,"ty2":6,"game":1,"piece":{"id":12,"hasBall":true,"color":"CARAMEL","player":3,"tx":6,"ty":5}},{"@class":"diaballik.model.MoveBall","@id":8,"tx":6,"ty":3,"tx2":6,"ty2":5,"game":1,"piece":{"id":10,"hasBall":false,"color":"CARAMEL","player":3,"tx":6,"ty":3}},{"@class":"diaballik.model.MovePiece","@id":9,"tx":1,"ty":1,"tx2":2,"ty2":1,"game":1,"piece":{"id":1,"hasBall":false,"color":"VANILLE","player":2,"tx":2,"ty":1}},{"@class":"diaballik.model.MovePiece","@id":10,"tx":2,"ty":3,"tx2":2,"ty2":2,"game":1,"piece":{"id":3,"hasBall":false,"color":"VANILLE","player":2,"tx":2,"ty":2}},{"@class":"diaballik.model.MovePiece","@id":11,"tx":1,"ty":3,"tx2":2,"ty2":3,"game":1,"piece":{"id":3,"hasBall":false,"color":"VANILLE","player":2,"tx":2,"ty":2}},{"@class":"diaballik.model.MovePiece","@id":12,"tx":6,"ty":4,"tx2":5,"ty2":4,"game":1,"piece":{"id":11,"hasBall":false,"color":"CARAMEL","player":3,"tx":5,"ty":4}},{"@class":"diaballik.model.MovePiece","@id":13,"tx":5,"ty":4,"tx2":6,"ty2":4,"game":1,"piece":{"id":11,"hasBall":false,"color":"CARAMEL","player":3,"tx":5,"ty":4}},{"@class":"diaballik.model.MovePiece","@id":14,"tx":6,"ty":1,"tx2":5,"ty2":1,"game":1,"piece":{"id":8,"hasBall":false,"color":"CARAMEL","player":3,"tx":5,"ty":1}},{"@class":"diaballik.model.MovePiece","@id":15,"tx":1,"ty":2,"tx2":0,"ty2":2,"game":1,"piece":{"id":2,"hasBall":false,"color":"VANILLE","player":2,"tx":0,"ty":2}},{"@class":"diaballik.model.MovePiece","@id":16,"tx":0,"ty":1,"tx2":1,"ty2":1,"game":1,"piece":{"id":1,"hasBall":false,"color":"VANILLE","player":2,"tx":2,"ty":1}},{"@class":"diaballik.model.MovePiece","@id":17,"tx":0,"ty":2,"tx2":1,"ty2":2,"game":1,"piece":{"id":2,"hasBall":false,"color":"VANILLE","player":2,"tx":0,"ty":2}},{"@class":"diaballik.model.MoveBall","@id":18,"tx":6,"ty":2,"tx2":6,"ty2":3,"game":1,"piece":{"id":9,"hasBall":false,"color":"CARAMEL","player":3,"tx":6,"ty":2}},{"@class":"diaballik.model.MovePiece","@id":19,"tx":6,"ty":0,"tx2":5,"ty2":0,"game":1,"piece":{"id":7,"hasBall":false,"color":"CARAMEL","player":3,"tx":5,"ty":0}},{"@class":"diaballik.model.MovePiece","@id":20,"tx":6,"ty":4,"tx2":5,"ty2":4,"game":1,"piece":{"id":11,"hasBall":false,"color":"CARAMEL","player":3,"tx":5,"ty":4}},{"@class":"diaballik.model.MovePiece","@id":21,"tx":0,"ty":3,"tx2":1,"ty2":3,"game":1,"piece":{"id":3,"hasBall":false,"color":"VANILLE","player":2,"tx":2,"ty":2}},{"@class":"diaballik.model.MoveBall","@id":22,"tx":0,"ty":3,"tx2":1,"ty2":4,"game":1,"piece":{"id":3,"hasBall":false,"color":"VANILLE","player":2,"tx":2,"ty":2}},{"@class":"diaballik.model.MovePiece","@id":23,"tx":0,"ty":4,"tx2":1,"ty2":4,"game":1,"piece":{"id":4,"hasBall":true,"color":"VANILLE","player":2,"tx":1,"ty":4}}],"redoCommand":[],"player2":3,"player1":2,"turn":{"@id":24,"nbTurn":3},"win":false}