{"@id":1,"j1":{"type":"Human","@id":2,"name":"Isa","color":"VANILLE","nbAction":2},"j2":{"type":"Human","@id":3,"name":"Momo","color":"CARAMEL","nbAction":3},"board":{"@id":4,"scenario":2,"boardTiles":[[null,null,{"id":9,"hasBall":false,"color":"CARAMEL","player":3,"tx":0,"ty":2},{"id":3,"hasBall":false,"color":"VANILLE","player":2,"tx":0,"ty":3},{"id":5,"hasBall":false,"color":"VANILLE","player":2,"tx":0,"ty":4},{"id":6,"hasBall":false,"color":"VANILLE","player":2,"tx":0,"ty":5},{"id":13,"hasBall":false,"color":"CARAMEL","player":3,"tx":0,"ty":6}],[{"id":0,"hasBall":false,"color":"VANILLE","player":2,"tx":1,"ty":0},{"id":1,"hasBall":false,"color":"VANILLE","player":2,"tx":1,"ty":1},null,null,null,null,null],[null,null,null,null,null,null,null],[null,null,null,null,null,null,null],[null,null,null,null,null,{"id":11,"hasBall":true,"color":"CARAMEL","player":3,"tx":4,"ty":5},null],[null,null,null,null,null,null,null],[{"id":7,"hasBall":false,"color":"CARAMEL","player":3,"tx":6,"ty":0},{"id":8,"hasBall":false,"color":"CARAMEL","player":3,"tx":6,"ty":1},{"id":2,"hasBall":false,"color":"VANILLE","player":2,"tx":6,"ty":2},{"id":10,"hasBall":false,"color":"CARAMEL","player":3,"tx":6,"ty":3},{"id":4,"hasBall":true,"color":"VANILLE","player":2,"tx":6,"ty":4},null,{"id":12,"hasBall":false,"color":"CARAMEL","player":3,"tx":6,"ty":6}]],"list":[{"id":0,"hasBall":false,"color":"VANILLE","player":2,"tx":1,"ty":0},{"id":1,"hasBall":false,"color":"VANILLE","player":2,"tx":1,"ty":1},{"id":2,"hasBall":false,"color":"VANILLE","player":2,"tx":6,"ty":2},{"id":3,"hasBall":false,"color":"VANILLE","player":2,"tx":0,"ty":3},{"id":4,"hasBall":true,"color":"VANILLE","player":2,"tx":6,"ty":4},{"id":5,"hasBall":false,"color":"VANILLE","player":2,"tx":0,"ty":4},{"id":6,"hasBall":false,"color":"VANILLE","player":2,"tx":0,"ty":5},{"id":7,"hasBall":false,"color":"CARAMEL","player":3,"tx":6,"ty":0},{"id":8,"hasBall":false,"color":"CARAMEL","player":3,"tx":6,"ty":1},{"id":9,"hasBall":false,"color":"CARAMEL","player":3,"tx":0,"ty":2},{"id":10,"hasBall":false,"color":"CARAMEL","player":3,"tx":6,"ty":3},{"id":11,"hasBall":true,"color":"CARAMEL","player":3,"tx":4,"ty":5},{"id":12,"hasBall":false,"color":"CARAMEL","player":3,"tx":6,"ty":6},{"id":13,"hasBall":false,"color":"CARAMEL","player":3,"tx":0,"ty":6}]},"undoCommand":[{"@class":"diaballik.model.MoveBall","@id":5,"tx":0,"ty":4,"tx2":6,"ty2":4,"game":1,"piece":{"id":5,"hasBall":false,"color":"VANILLE","player":2,"tx":0,"ty":4}},{"@class":"diaballik.model.MoveBall","@id":6,"tx":6,"ty":3,"tx2":4,"ty2":5,"game":1,"piece":{"id":10,"hasBall":false,"color":"CARAMEL","player":3,"tx":6,"ty":3}},{"@class":"diaballik.model.MovePiece","@id":7,"tx":5,"ty":5,"tx2":4,"ty2":5,"game":1,"piece":{"id":11,"hasBall":true,"color":"CARAMEL","player":3,"tx":4,"ty":5}},{"@class":"diaballik.model.MovePiece","@id":8,"tx":6,"ty":5,"tx2":5,"ty2":5,"game":1,"piece":{"id":11,"hasBall":true,"color":"CARAMEL","player":3,"tx":4,"ty":5}},{"@class":"diaballik.model.MovePiece","@id":9,"tx":0,"ty":1,"tx2":1,"ty2":1,"game":1,"piece":{"id":1,"hasBall":false,"color":"VANILLE","player":2,"tx":1,"ty":1}},{"@class":"diaballik.model.MoveBall","@id":10,"tx":0,"ty":3,"tx2":0,"ty2":4,"game":1,"piece":{"id":3,"hasBall":false,"color":"VANILLE","player":2,"tx":0,"ty":3}},{"@class":"diaballik.model.MovePiece","@id":11,"tx":0,"ty":0,"tx2":1,"ty2":0,"game":1,"piece":{"id":0,"hasBall":false,"color":"VANILLE","player":2,"tx":1,"ty":0}}],"redoCommand":[],"player2":3,"player1":2,"turn":{"@id":12,"nbTurn":1},"win":true}