{"@id":1,"j1":{"type":"Human","@id":2,"name":"Isabelle","color":"VANILLE","nbAction":2},"j2":{"type":"AI","@id":3,"name":"AI","color":"CARAMEL","strategy":{"type":"StrategyStarting","@id":4},"nbAction":3},"board":{"@id":5,"scenario":0,"boardTiles":[[null,{"id":1,"hasBall":false,"color":"VANILLE","player":2,"tx":0,"ty":1},{"id":2,"hasBall":false,"color":"VANILLE","player":2,"tx":0,"ty":2},{"id":3,"hasBall":true,"color":"VANILLE","player":2,"tx":0,"ty":3},{"id":4,"hasBall":false,"color":"VANILLE","player":2,"tx":0,"ty":4},{"id":5,"hasBall":false,"color":"VANILLE","player":2,"tx":0,"ty":5},{"id":6,"hasBall":false,"color":"VANILLE","player":2,"tx":0,"ty":6}],[{"id":0,"hasBall":false,"color":"VANILLE","player":2,"tx":1,"ty":0},null,null,null,null,null,null],[null,null,null,null,null,null,null],[null,null,null,null,null,null,null],[null,null,null,null,null,null,null],[null,null,null,null,null,null,null],[{"id":7,"hasBall":false,"color":"CARAMEL","player":3,"tx":6,"ty":0},{"id":8,"hasBall":false,"color":"CARAMEL","player":3,"tx":6,"ty":1},{"id":9,"hasBall":false,"color":"CARAMEL","player":3,"tx":6,"ty":2},{"id":10,"hasBall":true,"color":"CARAMEL","player":3,"tx":6,"ty":3},{"id":11,"hasBall":false,"color":"CARAMEL","player":3,"tx":6,"ty":4},{"id":12,"hasBall":false,"color":"CARAMEL","player":3,"tx":6,"ty":5},{"id":13,"hasBall":false,"color":"CARAMEL","player":3,"tx":6,"ty":6}]],"list":[{"id":0,"hasBall":false,"color":"VANILLE","player":2,"tx":1,"ty":0},{"id":1,"hasBall":false,"color":"VANILLE","player":2,"tx":0,"ty":1},{"id":2,"hasBall":false,"color":"VANILLE","player":2,"tx":0,"ty":2},{"id":3,"hasBall":true,"color":"VANILLE","player":2,"tx":0,"ty":3},{"id":4,"hasBall":false,"color":"VANILLE","player":2,"tx":0,"ty":4},{"id":5,"hasBall":false,"color":"VANILLE","player":2,"tx":0,"ty":5},{"id":6,"hasBall":false,"color":"VANILLE","player":2,"tx":0,"ty":6},{"id":7,"hasBall":false,"color":"CARAMEL","player":3,"tx":6,"ty":0},{"id":8,"hasBall":false,"color":"CARAMEL","player":3,"tx":6,"ty":1},{"id":9,"hasBall":false,"color":"CARAMEL","player":3,"tx":6,"ty":2},{"id":10,"hasBall":true,"color":"CARAMEL","player":3,"tx":6,"ty":3},{"id":11,"hasBall":false,"color":"CARAMEL","player":3,"tx":6,"ty":4},{"id":12,"hasBall":false,"color":"CARAMEL","player":3,"tx":6,"ty":5},{"id":13,"hasBall":false,"color":"CARAMEL","player":3,"tx":6,"ty":6}]},"undoCommand":[{"@class":"diaballik.model.MovePiece","@id":6,"tx":0,"ty":0,"tx2":1,"ty2":0,"game":1,"piece":{"id":0,"hasBall":false,"color":"VANILLE","player":2,"tx":1,"ty":0}}],"redoCommand":[],"player1":2,"player2":3,"turn":{"@id":7,"nbTurn":0},"win":false}