{"@id":1,"j1":{"type":"Human","@id":2,"name":"Isa","color":"VANILLE","nbAction":3},"j2":{"type":"Human","@id":3,"name":"Momo","color":"CARAMEL","nbAction":3},"board":{"@id":4,"scenario":1,"boardTiles":[[null,null,{"id":2,"hasBall":false,"color":"VANILLE","player":2,"tx":0,"ty":2},null,{"id":4,"hasBall":false,"color":"VANILLE","player":2,"tx":0,"ty":4},{"id":5,"hasBall":true,"color":"VANILLE","player":2,"tx":0,"ty":5},{"id":6,"hasBall":false,"color":"VANILLE","player":2,"tx":0,"ty":6}],[{"id":0,"hasBall":false,"color":"VANILLE","player":2,"tx":1,"ty":0},{"id":1,"hasBall":false,"color":"VANILLE","player":2,"tx":1,"ty":1},null,{"id":3,"hasBall":false,"color":"VANILLE","player":2,"tx":1,"ty":3},null,null,null],[null,null,null,null,null,null,null],[null,null,null,null,null,null,null],[null,null,null,null,{"id":11,"hasBall":true,"color":"CARAMEL","player":3,"tx":4,"ty":4},null,null],[null,null,null,null,null,null,null],[{"id":7,"hasBall":false,"color":"CARAMEL","player":3,"tx":6,"ty":0},{"id":8,"hasBall":false,"color":"CARAMEL","player":3,"tx":6,"ty":1},{"id":9,"hasBall":false,"color":"CARAMEL","player":3,"tx":6,"ty":2},{"id":10,"hasBall":false,"color":"CARAMEL","player":3,"tx":6,"ty":3},null,{"id":12,"hasBall":false,"color":"CARAMEL","player":3,"tx":6,"ty":5},{"id":13,"hasBall":false,"color":"CARAMEL","player":3,"tx":6,"ty":6}]],"list":[{"id":0,"hasBall":false,"color":"VANILLE","player":2,"tx":1,"ty":0},{"id":1,"hasBall":false,"color":"VANILLE","player":2,"tx":1,"ty":1},{"id":2,"hasBall":false,"color":"VANILLE","player":2,"tx":0,"ty":2},{"id":3,"hasBall":false,"color":"VANILLE","player":2,"tx":1,"ty":3},{"id":4,"hasBall":false,"color":"VANILLE","player":2,"tx":0,"ty":4},{"id":5,"hasBall":true,"color":"VANILLE","player":2,"tx":0,"ty":5},{"id":6,"hasBall":false,"color":"VANILLE","player":2,"tx":0,"ty":6},{"id":7,"hasBall":false,"color":"CARAMEL","player":3,"tx":6,"ty":0},{"id":8,"hasBall":false,"color":"CARAMEL","player":3,"tx":6,"ty":1},{"id":9,"hasBall":false,"color":"CARAMEL","player":3,"tx":6,"ty":2},{"id":10,"hasBall":false,"color":"CARAMEL","player":3,"tx":6,"ty":3},{"id":11,"hasBall":true,"color":"CARAMEL","player":3,"tx":4,"ty":4},{"id":12,"hasBall":false,"color":"CARAMEL","player":3,"tx":6,"ty":5},{"id":13,"hasBall":false,"color":"CARAMEL","player":3,"tx":6,"ty":6}]},"undoCommand":[{"@class":"diaballik.model.MoveBall","@id":5,"tx":6,"ty":2,"tx2":4,"ty2":4,"game":1,"piece":{"id":9,"hasBall":false,"color":"CARAMEL","player":3,"tx":6,"ty":2}},{"@class":"diaballik.model.MovePiece","@id":6,"tx":5,"ty":4,"tx2":4,"ty2":4,"game":1,"piece":{"id":11,"hasBall":true,"color":"CARAMEL","player":3,"tx":4,"ty":4}},{"@class":"diaballik.model.MovePiece","@id":7,"tx":6,"ty":4,"tx2":5,"ty2":4,"game":1,"piece":{"id":11,"hasBall":true,"color":"CARAMEL","player":3,"tx":4,"ty":4}},{"@class":"diaballik.model.MovePiece","@id":8,"tx":0,"ty":3,"tx2":1,"ty2":3,"game":1,"piece":{"id":3,"hasBall":false,"color":"VANILLE","player":2,"tx":1,"ty":3}},{"@class":"diaballik.model.MovePiece","@id":9,"tx":0,"ty":0,"tx2":1,"ty2":0,"game":1,"piece":{"id":0,"hasBall":false,"color":"VANILLE","player":2,"tx":1,"ty":0}},{"@class":"diaballik.model.MovePiece","@id":10,"tx":0,"ty":1,"tx2":1,"ty2":1,"game":1,"piece":{"id":1,"hasBall":false,"color":"VANILLE","player":2,"tx":1,"ty":1}}],"redoCommand":[],"player1":2,"player2":3,"turn":{"@id":11,"nbTurn":1},"win":false}